"","left_95","right_95"
"GINI_ABS",0.611532727773718,0.616686157846614
"THEIL_ABS",0.653020749622681,0.666724251198402
"MLD_ABS",1.0159650917784,1.04332556854094
