"","left_95","right_95"
"GINI_ABS",0.612882359129748,0.618058179575901
"THEIL_ABS",0.656123931448971,0.669806633141435
"MLD_ABS",1.02856283991853,1.05567867941906
