"","left_95","right_95"
"GINI_ABS",0.481856816497918,0.489995430255764
"THEIL_ABS",0.39266437701927,0.407975852219988
"MLD_ABS",0.594682808127868,0.622978008656822
