"","left_95","right_95"
"GINI_ABS",0.490018457009592,0.498540158982926
"THEIL_ABS",0.408404763166858,0.424785942024671
"MLD_ABS",0.629990343735978,0.662077681490444
