"","Measure","Full_Model_Outcome","Full_Model_Lower","Full_Model_Upper","Full_model_sigonly","Reduced_Model_Outcome","Reduced_Model_Lower","Reduced_Model_Upper","Reduced_model_sigonly"
"1","PSY",0.601032993941915,0.594903179075197,0.607162808808632,0.599546654674788,0.735616686316818,0.731233384617229,0.739999988016407,0.741670399308632
"2","ERR",0.25503386964413,0.252015711185347,0.258052028102913,0.159232966579051,0.401660871245237,0.398148489634496,0.405173252855979,0.293393180064547
"3","GSC",0.0634648087934803,0.0627120572630876,0.064217560323873,0.0396287614751185,0.10001950967521,0.0991437245569846,0.100895294793435,0.0730686262460864
