"","Measure","Full_Model_Outcome","Full_Model_Lower","Full_Model_Upper","Reduced_Model_Outcome","Reduced_Model_Lower","Reduced_Model_Upper"
"1","PSY",-0.0607899664628894,-0.0671110489206065,-0.0544688840051722,-0.0492199090213388,-0.0553844433938596,-0.043055374648818
"2","ERR",-0.0548588487295099,-0.0637964721331911,-0.0459212253258287,-0.0448752133241696,-0.0534483787477346,-0.0363020479006047
"3","GSC",-0.0551061421914206,-0.0640578910974153,-0.0461543932854259,-0.0450723962330098,-0.0536584682024625,-0.0364863242635571
