"","Measure","Full_Model_Outcome","Full_Model_Lower","Full_Model_Upper","Full_model_sigonly","Reduced_Model_Outcome","Reduced_Model_Lower","Reduced_Model_Upper","Reduced_model_sigonly"
"1","PSY",0.14026880626028,0.131500580379363,0.149037032141197,0.14026880626028,-0.0522427524555081,-0.0585127263848814,-0.0459727785261348,-0.0522427524555081
"2","ERR",0.336134956106761,0.328278549032232,0.343991363181289,0.336134956106761,-0.0455419599423918,-0.0546848529057393,-0.0363990669790442,-0.0455419599423918
"3","GSC",0.33644301663292,0.328572615000454,0.344313418265386,0.33644301663292,-0.0457550472405234,-0.0549118278591872,-0.0365982666218595,-0.0457550472405234
