"","Measure","direct_Model_Outcome","direct_Model_Lower","direct_Model_Upper","direct_model_sigonly","Reduced_Model_Outcome","Reduced_Model_Lower","Reduced_Model_Upper","Reduced_model_sigonly"
"1","PSY",0.600939168447661,0.595308158986486,0.606570177908837,0.598490777718548,0.640497843729542,0.635388570415931,0.645607117043153,0.635149203079306
"2","ERR",0.255720574712142,0.252810897768647,0.258630251655638,0.167299258141975,0.305247171474076,0.302125896015696,0.308368446932456,0.205764481925174
"3","GSC",0.0636356360530974,0.0629101610957411,0.0643611110104537,0.0416365185901987,0.0759760029301866,0.075197720273654,0.0767542855867192,0.0512195298077944
