"","Measure","direct_Model_Outcome","direct_Model_Lower","direct_Model_Upper","direct_model_sigonly","Reduced_Model_Outcome","Reduced_Model_Lower","Reduced_Model_Upper","Reduced_model_sigonly"
"1","PSY",0.140403016370192,0.132348293027526,0.148457739712857,0.140403016370192,0.0838173921770879,0.0765089720249024,0.0911258123292734,0.0838173921770879
"2","ERR",0.33434743082334,0.326773406186909,0.34192145545977,0.33434743082334,0.205427392166816,0.197302566738446,0.213552217595186,0.205427392166816
"3","GSC",0.334656930403034,0.32707171927007,0.342242141535998,0.334656930403034,0.205632093264542,0.197494750671165,0.213769435857918,0.205632093264542
