"","log_likelihood","McfaddenR2","McFaddenR2_adj","percent_correct","LRtestStat"
"full",-99.2919425285324,0.333382612705647,0.232676950647098,87.1046228710462,152.939505543657
"null",-148.948923957018,0.333382612705647,0.232676950647098,87.1046228710462,152.939505543657
