"","log_likelihood","McfaddenR2","McFaddenR2_adj","percent_correct","LRtestStat"
"full",-64.4467040446167,0.231234105678702,0.0642321979776183,81.9047619047619,83.1516408335978
