"","Measure","Full_Model_Outcome","Full_Model_Lower","Full_Model_Upper","Reduced_Model_Outcome","Reduced_Model_Lower","Reduced_Model_Upper"
"1","PSY",-0.123965102969012,-0.134009365169281,-0.113920840768744,-0.138454542655818,-0.148553451675098,-0.128355633636539
"2","ERR",-0.115368606709505,-0.127332521420999,-0.103404691998011,-0.127297967539706,-0.13939931868955,-0.115196616389862
"3","GSC",-0.116657018735588,-0.128692664990246,-0.104621372480929,-0.128758295588843,-0.140931775520803,-0.116584815656883
