"","Measure","Full_Model_Outcome","Full_Model_Lower","Full_Model_Upper","Full_model_sigonly","Reduced_Model_Outcome","Reduced_Model_Lower","Reduced_Model_Upper","Reduced_model_sigonly"
"1","PSY",0.634280789449118,0.627511399923305,0.641050178974931,0.458809592678049,0.662501034128901,0.656101922263449,0.668900145994354,0.512686928748161
"2","ERR",0.090200106092396,0.0881838416541795,0.0922163705306126,0.141670582633763,0.105879920362309,0.103637961003191,0.108121879721428,0.131979297994001
"3","GSC",0.0223754658088621,0.0218743753904879,0.0228765562272363,0.0348179101049475,0.0262732074517848,0.0257159548238281,0.0268304600797415,0.0325028230100786
