"","log_likelihood","R2","R2_adjusted","LRteststat"
"R2",-41.6492982421135,0.227037167819362,0.171542400380752,-102.01485734643
