"","Measure","Full_Model_Outcome","Full_Model_Lower","Full_Model_Upper","Full_model_sigonly","Reduced_Model_Outcome","Reduced_Model_Lower","Reduced_Model_Upper","Reduced_model_sigonly"
"1","PSY",0.0756549021781287,0.0657897886077389,0.0855200157485184,0.0756549021781287,0.0345291968706311,0.0252036934317175,0.0438547003095446,0.0345291968706311
"2","ERR",0.347387831462428,0.332799836343865,0.361975826580991,0.347387831462428,0.233941871848229,0.217720937943465,0.250162805752993,0.233941871848229
"3","GSC",0.347695563572941,0.333087442975643,0.362303684170239,0.347695563572941,0.234066011122776,0.217820612500379,0.250311409745173,0.234066011122776
