"","log_likelihood","R2","R2_adjusted","LRteststat"
"R2",-41.6492982421148,0.22703706728344,0.171542292626866,-102.014857346427
