"","Measure","direct_Model_Outcome","direct_Model_Lower","direct_Model_Upper","direct_model_sigonly","Reduced_Model_Outcome","Reduced_Model_Lower","Reduced_Model_Upper","Reduced_model_sigonly"
"1","PSY",0.52369069974536,0.51242444003297,0.534956959457751,0.467111615128054,0.530111418430893,0.519962182390247,0.540260654471539,0.483464820324889
"2","ERR",0.318837874426816,0.308616933961473,0.329058814892159,0.288551084784286,0.325474987446966,0.316513961328286,0.334436013565646,0.285467121991238
"3","GSC",0.0788262850514488,0.0762861479068428,0.0813664221960549,0.0707965979694505,0.0804707502482962,0.0782436870832402,0.0826978134133522,0.0701476236970013
