"","Measure","direct_Model_Outcome","direct_Model_Lower","direct_Model_Upper","direct_model_sigonly","Reduced_Model_Outcome","Reduced_Model_Lower","Reduced_Model_Upper","Reduced_model_sigonly"
"1","PSY",0.156395363606096,0.138246733254608,0.174543993957584,0.156395363606096,0.14605233468706,0.129703099186203,0.162401570187917,0.14605233468706
"2","ERR",0.250273809173491,0.226239943135707,0.274307675211275,0.250273809173491,0.234667076530364,0.213595815815392,0.255738337245336,0.234667076530364
"3","GSC",0.251322281519368,0.227196520920472,0.275448042118263,0.251322281519368,0.235703450175319,0.214551209292242,0.256855691058397,0.235703450175319
