"","Measure","Full_Model_Outcome","Full_Model_Lower","Full_Model_Upper","Full_model_sigonly","Reduced_Model_Outcome","Reduced_Model_Lower","Reduced_Model_Upper","Reduced_model_sigonly"
"1","PSY",0.617738267343945,0.611704616584709,0.623771918103181,0.432383745806031,0.630143775411998,0.62419825398746,0.636089296836537,0.447900048836575
"2","ERR",0.399787756845571,0.394345121848127,0.405230391843015,0.256844212693417,0.406012576051346,0.400815978262521,0.41120917384017,0.264483256292581
"3","GSC",0.0961093297526317,0.0947396622248922,0.0974789972803713,0.0617371481565237,0.0976633560304183,0.0963551184698278,0.0989715935910087,0.0632005713310126
