"","Measure","Full_Model_Outcome","Full_Model_Lower","Full_Model_Upper","Full_model_sigonly","Reduced_Model_Outcome","Reduced_Model_Lower","Reduced_Model_Upper","Reduced_model_sigonly"
"1","PSY",0.161032559146078,0.144171368043688,0.177893750248469,0.161032559146078,0.134729847282968,0.117403437880636,0.152056256685301,0.134729847282968
"2","ERR",0.262454496363969,0.240604360536744,0.284304632191193,0.262454496363969,0.218187070245269,0.195218725668188,0.24115541482235,0.218187070245269
"3","GSC",0.263583616068639,0.241665320575327,0.285501911561951,0.263583616068639,0.219187192037938,0.1961410355054,0.242233348570476,0.219187192037938
