"","log_likelihood","R2","R2_adjusted","LRteststat"
"R2",-41.6492982421148,0.471968786207143,0.434058852909194,-102.014857346427
