"","Measure","Full_Model_Outcome","Full_Model_Lower","Full_Model_Upper","Full_model_sigonly","Reduced_Model_Outcome","Reduced_Model_Lower","Reduced_Model_Upper","Reduced_model_sigonly"
"1","PSY",0.520812033516628,0.510344987004536,0.531279080028719,0.46630297375214,0.537140162816241,0.526384319293653,0.547896006338828,0.483123884602236
"2","ERR",0.313657764060672,0.304365503835097,0.322950024286248,0.284293330306781,0.332483479665556,0.322715676094513,0.342251283236598,0.289561493001455
"3","GSC",0.0775353217591881,0.0752276027423807,0.0798430407759954,0.0697585256974911,0.0822097031245253,0.079783234619678,0.0846361716293725,0.0711097692429417
