"","Measure","direct_Model_Outcome","direct_Model_Lower","direct_Model_Upper","direct_model_sigonly","Reduced_Model_Outcome","Reduced_Model_Lower","Reduced_Model_Upper","Reduced_model_sigonly"
"1","PSY",-0.0181593192722605,-0.0283841149792414,-0.00793452356527962,-0.0181593192722605,-0.0260774200721014,-0.0361147925201557,-0.0160400476240471,-0.0260774200721014
"2","ERR",0.0468255545846728,0.0344112047609787,0.0592399044083669,0.0468255545846728,0.0391460883006352,0.0269507929517802,0.0513413836494902,0.0391460883006352
"3","GSC",0.0493580606831709,0.0364031238899288,0.062312997476413,0.0493580606831709,0.0413844641885205,0.0286571514466598,0.0541117769303813,0.0413844641885205
