"","Measure","direct_Model_Outcome","direct_Model_Lower","direct_Model_Upper","direct_model_sigonly","Reduced_Model_Outcome","Reduced_Model_Lower","Reduced_Model_Upper","Reduced_model_sigonly"
"1","PSY",0.152347420096075,0.134074864606129,0.170619975586021,0.152347420096075,0.142534258267901,0.125901079751244,0.159167436784557,0.142534258267901
"2","ERR",0.256149702998019,0.23210016536717,0.280199240628867,0.256149702998019,0.240877754206795,0.219643028867085,0.262112479546506,0.240877754206795
"3","GSC",0.257152444064771,0.233013566528788,0.281291321600753,0.257152444064771,0.241870488250977,0.220554324190608,0.263186652311345,0.241870488250977
