"","log_likelihood","R2_adjusted","aic"
"adjusted R2",-41.6492982421148,0.434058852909194,141.29859648423
