"","log_likelihood","R2","R2_adjusted","LRteststat"
"R2",-41.6492982421135,0.471969436358635,0.434059549738229,-102.01485734643
