"","log_likelihood","R2_adjusted","aic"
"adjusted R2",-41.6492982421135,0.434059549738229,141.298596484227
