"","Measure","Full_Model_Outcome","Full_Model_Lower","Full_Model_Upper","Full_model_sigonly","Reduced_Model_Outcome","Reduced_Model_Lower","Reduced_Model_Upper","Reduced_model_sigonly"
"1","PSY",-0.010911582295314,-0.0207854848175944,-0.00103767977303372,-0.010911582295314,-0.031212853000421,-0.040942534304921,-0.0214831716959209,-0.031212853000421
"2","ERR",0.0478691931525642,0.0349070642159992,0.0608313220891291,0.0478691931525642,0.0330442215735498,0.0206680525668373,0.0454203905802624,0.0330442215735498
"3","GSC",0.050375178382033,0.0368419419620799,0.0639084148019862,0.050375178382033,0.03502035351091,0.0220940864845226,0.0479466205372974,0.03502035351091
