"","left_95","right_95"
"PSY_ABS",0.795609843895484,0.810347285751751
"ERR_ABS",0.429395286341191,0.436016406541624
"GSC_ABS",0.1069581886739,0.108613623067679
