"","left_95","right_95"
"PSY_ABS",0.688989100119103,0.697194862958393
"PSY_REL",NA,NA
"ERR_ABS",0.423277214744124,0.440789242250606
"ERR_REL",NA,NA
"GSC_ABS",0.104916513272295,0.109256121427621
"GSC_REL",NA,NA
