"","left_95","right_95"
"PSY_ABS",0.797804532585849,0.812036666021364
"ERR_ABS",0.431560154303777,0.438481158483132
"GSC_ABS",0.107498371193249,0.109228277135045
