"","log_likelihood","McfaddenR2","percent_correct"
"full",-99.2919425285324,0.333382612705647,87.1046228710462
"null",-148.948923957018,0.333382612705647,87.1046228710462
