"","log_likelihood","McfaddenR2","percent_correct"
"full",-64.4467040446167,0.231234105678703,81.9047619047619
"null",-83.8313776933526,0.231234105678703,81.9047619047619
