"","log_likelihood","McfaddenR2","percent_correct"
"full",6.29764567402888,-0.214550456673549,79.0476190476191
"null",5.18516595125827,-0.214550456673549,79.0476190476191
