"","log_likelihood","R2_adjusted","aic"
"adjusted R2",-41.5307302952753,0.427298699285596,145.061460590551
