,log_likelihood,R2_adjusted,aic
adjusted R2,-41.5307303,0.427301166,145.0614606
